config	rep	e_mean	e_dist	w_obs	v_corner	wall	verdict
wmax1.5	r1	1.35	1.32	0.631	0.217	34.3	PASS
wmax1.5	r2	1.58	1.35	0.633	0.217	34.2	PASS
wmax1.5	r3	1.55	1.32	0.632	0.215	36.2	PASS
wmax2.2	r1	1.02	1.05	0.660	0.239	33.3	PASS
wmax2.2	r2	1.10	1.06	0.661	0.240	30.8	PASS
wmax2.2	r3	1.11	1.06	0.656	0.240	30.8	PASS
kp1.0kd0.4	r1	6.62	1.73	0.359	0.000	147.2	OFF_TRACK
kp1.0kd0.4	r2	6.98	1.81	0.380	0.000	150.0	OFF_TRACK
kp1.0kd0.4	r3	6.51	1.68	0.366	0.000	150.0	OFF_TRACK
kp1.5kd0.4	r1	6.94	1.79	0.420	0.000	150.0	OFF_TRACK
kp1.5kd0.4	r2	6.57	1.71	0.414	0.000	149.3	OFF_TRACK
kp1.5kd0.4	r3	6.77	1.45	0.414	0.000	150.0	OFF_TRACK
kp2.0kd0.8	r2	1.08	1.06	0.633	0.216	34.3	PASS
kp2.0kd0.8	r3	1.32	1.07	0.629	0.217	34.2	PASS
kp2.5kd1.2	r1	6.15	5.86	0.844	0.198	30.6	PASS
kp2.5kd1.2	r2	6.25	5.67	0.841	0.205	33.1	PASS
kp2.5kd1.2	r3	5.81	5.69	0.852	0.201	33.1	PASS
