t_s,waypoint_idx,waypoint,group,joint,position,target,achieved
0.000000,1,up,arm,joint1,0.000000,0.0,0.000000
0.000000,1,up,arm,joint2,0.000000,0.0,0.000000
0.000000,1,up,arm,joint3,0.000000,0.0,0.000000
0.000000,1,up,arm,joint4,0.000000,0.0,0.000000
0.000000,1,up,arm,joint5,0.000000,0.0,0.000000
0.000000,1,up,arm,joint6,0.000000,0.0,0.000000
1.009600,2,grip_open,gripper,finger1_joint,0.000000,0.04,0.039903
1.009600,2,grip_open,gripper,finger2_joint,0.000000,0.04,0.039937
1.109600,2,grip_open,gripper,finger1_joint,0.001249,0.04,0.039903
1.109600,2,grip_open,gripper,finger2_joint,0.001250,0.04,0.039937
1.209600,2,grip_open,gripper,finger1_joint,0.004996,0.04,0.039903
1.209600,2,grip_open,gripper,finger2_joint,0.005000,0.04,0.039937
1.309600,2,grip_open,gripper,finger1_joint,0.009992,0.04,0.039903
1.309600,2,grip_open,gripper,finger2_joint,0.010000,0.04,0.039937
1.409600,2,grip_open,gripper,finger1_joint,0.014987,0.04,0.039903
1.409600,2,grip_open,gripper,finger2_joint,0.015000,0.04,0.039937
1.509600,2,grip_open,gripper,finger1_joint,0.019983,0.04,0.039903
1.509600,2,grip_open,gripper,finger2_joint,0.020000,0.04,0.039937
1.609600,2,grip_open,gripper,finger1_joint,0.024979,0.04,0.039903
1.609600,2,grip_open,gripper,finger2_joint,0.025000,0.04,0.039937
1.709600,2,grip_open,gripper,finger1_joint,0.029975,0.04,0.039903
1.709600,2,grip_open,gripper,finger2_joint,0.030000,0.04,0.039937
1.809600,2,grip_open,gripper,finger1_joint,0.034970,0.04,0.039903
1.809600,2,grip_open,gripper,finger2_joint,0.035000,0.04,0.039937
1.909600,2,grip_open,gripper,finger1_joint,0.038685,0.04,0.039903
1.909600,2,grip_open,gripper,finger2_joint,0.038718,0.04,0.039937
2.008333,2,grip_open,gripper,finger1_joint,0.039903,0.04,0.039903
2.008333,2,grip_open,gripper,finger2_joint,0.039937,0.04,0.039937
2.985000,3,home,arm,joint1,0.000000,0.0,0.000043
2.985000,3,home,arm,joint2,0.000000,-0.6,-0.600007
2.985000,3,home,arm,joint3,0.000000,1.1,1.099907
2.985000,3,home,arm,joint4,0.000000,0.0,0.000038
2.985000,3,home,arm,joint5,0.000000,-0.5,-0.500082
2.985000,3,home,arm,joint6,0.000000,0.0,0.000075
3.085000,3,home,arm,joint1,0.000000,0.0,0.000043
3.085000,3,home,arm,joint2,-0.002557,-0.6,-0.600007
3.085000,3,home,arm,joint3,0.004687,1.1,1.099907
3.085000,3,home,arm,joint4,0.000000,0.0,0.000038
3.085000,3,home,arm,joint5,-0.002131,-0.5,-0.500082
3.085000,3,home,arm,joint6,0.000000,0.0,0.000075
3.185000,3,home,arm,joint1,0.000001,0.0,0.000043
3.185000,3,home,arm,joint2,-0.010228,-0.6,-0.600007
3.185000,3,home,arm,joint3,0.018750,1.1,1.099907
3.185000,3,home,arm,joint4,0.000001,0.0,0.000038
3.185000,3,home,arm,joint5,-0.008525,-0.5,-0.500082
3.185000,3,home,arm,joint6,0.000001,0.0,0.000075
3.285000,3,home,arm,joint1,0.000002,0.0,0.000043
3.285000,3,home,arm,joint2,-0.023014,-0.6,-0.600007
3.285000,3,home,arm,joint3,0.042188,1.1,1.099907
3.285000,3,home,arm,joint4,0.000001,0.0,0.000038
3.285000,3,home,arm,joint5,-0.019181,-0.5,-0.500082
3.285000,3,home,arm,joint6,0.000003,0.0,0.000075
3.385000,3,home,arm,joint1,0.000003,0.0,0.000043
3.385000,3,home,arm,joint2,-0.040913,-0.6,-0.600007
3.385000,3,home,arm,joint3,0.075000,1.1,1.099907
3.385000,3,home,arm,joint4,0.000003,0.0,0.000038
3.385000,3,home,arm,joint5,-0.034099,-0.5,-0.500082
3.385000,3,home,arm,joint6,0.000005,0.0,0.000075
3.485000,3,home,arm,joint1,0.000005,0.0,0.000043
3.485000,3,home,arm,joint2,-0.063927,-0.6,-0.600007
3.485000,3,home,arm,joint3,0.117188,1.1,1.099907
3.485000,3,home,arm,joint4,0.000004,0.0,0.000038
3.485000,3,home,arm,joint5,-0.053280,-0.5,-0.500082
3.485000,3,home,arm,joint6,0.000008,0.0,0.000075
3.585000,3,home,arm,joint1,0.000007,0.0,0.000043
3.585000,3,home,arm,joint2,-0.092054,-0.6,-0.600007
3.585000,3,home,arm,joint3,0.168750,1.1,1.099907
3.585000,3,home,arm,joint4,0.000006,0.0,0.000038
3.585000,3,home,arm,joint5,-0.076724,-0.5,-0.500082
3.585000,3,home,arm,joint6,0.000011,0.0,0.000075
3.685000,3,home,arm,joint1,0.000009,0.0,0.000043
3.685000,3,home,arm,joint2,-0.125296,-0.6,-0.600007
3.685000,3,home,arm,joint3,0.229687,1.1,1.099907
3.685000,3,home,arm,joint4,0.000008,0.0,0.000038
3.685000,3,home,arm,joint5,-0.104429,-0.5,-0.500082
3.685000,3,home,arm,joint6,0.000016,0.0,0.000075
3.785000,3,home,arm,joint1,0.000012,0.0,0.000043
3.785000,3,home,arm,joint2,-0.163652,-0.6,-0.600007
3.785000,3,home,arm,joint3,0.300000,1.1,1.099907
3.785000,3,home,arm,joint4,0.000010,0.0,0.000038
3.785000,3,home,arm,joint5,-0.136397,-0.5,-0.500082
3.785000,3,home,arm,joint6,0.000020,0.0,0.000075
3.885000,3,home,arm,joint1,0.000015,0.0,0.000043
3.885000,3,home,arm,joint2,-0.207122,-0.6,-0.600007
3.885000,3,home,arm,joint3,0.379687,1.1,1.099907
3.885000,3,home,arm,joint4,0.000013,0.0,0.000038
3.885000,3,home,arm,joint5,-0.172628,-0.5,-0.500082
3.885000,3,home,arm,joint6,0.000026,0.0,0.000075
3.985000,3,home,arm,joint1,0.000018,0.0,0.000043
3.985000,3,home,arm,joint2,-0.255706,-0.6,-0.600007
3.985000,3,home,arm,joint3,0.468750,1.1,1.099907
3.985000,3,home,arm,joint4,0.000016,0.0,0.000038
3.985000,3,home,arm,joint5,-0.213121,-0.5,-0.500082
3.985000,3,home,arm,joint6,0.000032,0.0,0.000075
4.085000,3,home,arm,joint1,0.000022,0.0,0.000043
4.085000,3,home,arm,joint2,-0.309260,-0.6,-0.600007
4.085000,3,home,arm,joint3,0.566921,1.1,1.099907
4.085000,3,home,arm,joint4,0.000020,0.0,0.000038
4.085000,3,home,arm,joint5,-0.257756,-0.5,-0.500082
4.085000,3,home,arm,joint6,0.000039,0.0,0.000075
4.185000,3,home,arm,joint1,0.000026,0.0,0.000043
4.185000,3,home,arm,joint2,-0.361236,-0.6,-0.600007
4.185000,3,home,arm,joint3,0.662201,1.1,1.099907
4.185000,3,home,arm,joint4,0.000023,0.0,0.000038
4.185000,3,home,arm,joint5,-0.301075,-0.5,-0.500082
4.185000,3,home,arm,joint6,0.000045,0.0,0.000075
4.285000,3,home,arm,joint1,0.000029,0.0,0.000043
4.285000,3,home,arm,joint2,-0.408097,-0.6,-0.600007
4.285000,3,home,arm,joint3,0.748106,1.1,1.099907
4.285000,3,home,arm,joint4,0.000026,0.0,0.000038
4.285000,3,home,arm,joint5,-0.340133,-0.5,-0.500082
4.285000,3,home,arm,joint6,0.000051,0.0,0.000075
4.385000,3,home,arm,joint1,0.000032,0.0,0.000043
4.385000,3,home,arm,joint2,-0.449845,-0.6,-0.600007
4.385000,3,home,arm,joint3,0.824636,1.1,1.099907
4.385000,3,home,arm,joint4,0.000029,0.0,0.000038
4.385000,3,home,arm,joint5,-0.374928,-0.5,-0.500082
4.385000,3,home,arm,joint6,0.000056,0.0,0.000075
4.485000,3,home,arm,joint1,0.000035,0.0,0.000043
4.485000,3,home,arm,joint2,-0.486478,-0.6,-0.600007
4.485000,3,home,arm,joint3,0.891791,1.1,1.099907
4.485000,3,home,arm,joint4,0.000031,0.0,0.000038
4.485000,3,home,arm,joint5,-0.405460,-0.5,-0.500082
4.485000,3,home,arm,joint6,0.000061,0.0,0.000075
4.585000,3,home,arm,joint1,0.000037,0.0,0.000043
4.585000,3,home,arm,joint2,-0.517998,-0.6,-0.600007
4.585000,3,home,arm,joint3,0.949571,1.1,1.099907
4.585000,3,home,arm,joint4,0.000033,0.0,0.000038
4.585000,3,home,arm,joint5,-0.431730,-0.5,-0.500082
4.585000,3,home,arm,joint6,0.000065,0.0,0.000075
4.685000,3,home,arm,joint1,0.000039,0.0,0.000043
4.685000,3,home,arm,joint2,-0.544403,-0.6,-0.600007
4.685000,3,home,arm,joint3,0.997976,1.1,1.099907
4.685000,3,home,arm,joint4,0.000035,0.0,0.000038
4.685000,3,home,arm,joint5,-0.453738,-0.5,-0.500082
4.685000,3,home,arm,joint6,0.000068,0.0,0.000075
4.785000,3,home,arm,joint1,0.000040,0.0,0.000043
4.785000,3,home,arm,joint2,-0.565694,-0.6,-0.600007
4.785000,3,home,arm,joint3,1.037006,1.1,1.099907
4.785000,3,home,arm,joint4,0.000036,0.0,0.000038
4.785000,3,home,arm,joint5,-0.471483,-0.5,-0.500082
4.785000,3,home,arm,joint6,0.000070,0.0,0.000075
4.885000,3,home,arm,joint1,0.000042,0.0,0.000043
4.885000,3,home,arm,joint2,-0.581871,-0.6,-0.600007
4.885000,3,home,arm,joint3,1.066661,1.1,1.099907
4.885000,3,home,arm,joint4,0.000037,0.0,0.000038
4.885000,3,home,arm,joint5,-0.484966,-0.5,-0.500082
4.885000,3,home,arm,joint6,0.000072,0.0,0.000075
4.985000,3,home,arm,joint1,0.000042,0.0,0.000043
4.985000,3,home,arm,joint2,-0.592934,-0.6,-0.600007
4.985000,3,home,arm,joint3,1.086940,1.1,1.099907
4.985000,3,home,arm,joint4,0.000038,0.0,0.000038
4.985000,3,home,arm,joint5,-0.494186,-0.5,-0.500082
4.985000,3,home,arm,joint6,0.000074,0.0,0.000075
5.085000,3,home,arm,joint1,0.000043,0.0,0.000043
5.085000,3,home,arm,joint2,-0.598883,-0.6,-0.600007
5.085000,3,home,arm,joint3,1.097845,1.1,1.099907
5.085000,3,home,arm,joint4,0.000038,0.0,0.000038
5.085000,3,home,arm,joint5,-0.499144,-0.5,-0.500082
5.085000,3,home,arm,joint6,0.000075,0.0,0.000075
5.151319,3,home,arm,joint1,0.000043,0.0,0.000043
5.151319,3,home,arm,joint2,-0.600007,-0.6,-0.600007
5.151319,3,home,arm,joint3,1.099907,1.1,1.099907
5.151319,3,home,arm,joint4,0.000038,0.0,0.000038
5.151319,3,home,arm,joint5,-0.500082,-0.5,-0.500082
5.151319,3,home,arm,joint6,0.000075,0.0,0.000075
6.141300,4,pick,arm,joint1,0.000043,0.5236,0.523586
6.141300,4,pick,arm,joint2,-0.600007,-0.3491,-0.349063
6.141300,4,pick,arm,joint3,1.099907,0.9076,0.907622
6.141300,4,pick,arm,joint4,0.000038,0.7854,0.785474
6.141300,4,pick,arm,joint5,-0.500082,-0.6981,-0.698093
6.141300,4,pick,arm,joint6,0.000075,1.5708,1.570822
6.241300,4,pick,arm,joint1,0.002126,0.5236,0.523586
6.241300,4,pick,arm,joint2,-0.599009,-0.3491,-0.349063
6.241300,4,pick,arm,joint3,1.099142,0.9076,0.907622
6.241300,4,pick,arm,joint4,0.003164,0.7854,0.785474
6.241300,4,pick,arm,joint5,-0.500870,-0.6981,-0.698093
6.241300,4,pick,arm,joint6,0.006325,1.5708,1.570822
6.341300,4,pick,arm,joint1,0.008376,0.5236,0.523586
6.341300,4,pick,arm,joint2,-0.596013,-0.3491,-0.349063
6.341300,4,pick,arm,joint3,1.096847,0.9076,0.907622
6.341300,4,pick,arm,joint4,0.012539,0.7854,0.785474
6.341300,4,pick,arm,joint5,-0.503233,-0.6981,-0.698093
6.341300,4,pick,arm,joint6,0.025075,1.5708,1.570822
6.441300,4,pick,arm,joint1,0.018791,0.5236,0.523586
6.441300,4,pick,arm,joint2,-0.591021,-0.3491,-0.349063
6.441300,4,pick,arm,joint3,1.093021,0.9076,0.907622
6.441300,4,pick,arm,joint4,0.028166,0.7854,0.785474
6.441300,4,pick,arm,joint5,-0.507173,-0.6981,-0.698093
6.441300,4,pick,arm,joint6,0.056325,1.5708,1.570822
6.541300,4,pick,arm,joint1,0.033374,0.5236,0.523586
6.541300,4,pick,arm,joint2,-0.584031,-0.3491,-0.349063
6.541300,4,pick,arm,joint3,1.087665,0.9076,0.907622
6.541300,4,pick,arm,joint4,0.050042,0.7854,0.785474
6.541300,4,pick,arm,joint5,-0.512688,-0.6981,-0.698093
6.541300,4,pick,arm,joint6,0.100075,1.5708,1.570822
6.641300,4,pick,arm,joint1,0.052122,0.5236,0.523586
6.641300,4,pick,arm,joint2,-0.575045,-0.3491,-0.349063
6.641300,4,pick,arm,joint3,1.080779,0.9076,0.907622
6.641300,4,pick,arm,joint4,0.078170,0.7854,0.785474
6.641300,4,pick,arm,joint5,-0.519779,-0.6981,-0.698093
6.641300,4,pick,arm,joint6,0.156325,1.5708,1.570822
6.741300,4,pick,arm,joint1,0.075037,0.5236,0.523586
6.741300,4,pick,arm,joint2,-0.564061,-0.3491,-0.349063
6.741300,4,pick,arm,joint3,1.072363,0.9076,0.907622
6.741300,4,pick,arm,joint4,0.112547,0.7854,0.785474
6.741300,4,pick,arm,joint5,-0.528446,-0.6981,-0.698093
6.741300,4,pick,arm,joint6,0.225075,1.5708,1.570822
6.841300,4,pick,arm,joint1,0.102119,0.5236,0.523586
6.841300,4,pick,arm,joint2,-0.551080,-0.3491,-0.349063
6.841300,4,pick,arm,joint3,1.062417,0.9076,0.907622
6.841300,4,pick,arm,joint4,0.153176,0.7854,0.785474
6.841300,4,pick,arm,joint5,-0.538688,-0.6981,-0.698093
6.841300,4,pick,arm,joint6,0.306325,1.5708,1.570822
6.941300,4,pick,arm,joint1,0.133366,0.5236,0.523586
6.941300,4,pick,arm,joint2,-0.536103,-0.3491,-0.349063
6.941300,4,pick,arm,joint3,1.050940,0.9076,0.907622
6.941300,4,pick,arm,joint4,0.200054,0.7854,0.785474
6.941300,4,pick,arm,joint5,-0.550506,-0.6981,-0.698093
6.941300,4,pick,arm,joint6,0.400075,1.5708,1.570822
7.041300,4,pick,arm,joint1,0.168780,0.5236,0.523586
7.041300,4,pick,arm,joint2,-0.519128,-0.3491,-0.349063
7.041300,4,pick,arm,joint3,1.037934,0.9076,0.907622
7.041300,4,pick,arm,joint4,0.253183,0.7854,0.785474
7.041300,4,pick,arm,joint5,-0.563900,-0.6981,-0.698093
7.041300,4,pick,arm,joint6,0.506325,1.5708,1.570822
7.141300,4,pick,arm,joint1,0.208361,0.5236,0.523586
7.141300,4,pick,arm,joint2,-0.500157,-0.3491,-0.349063
7.141300,4,pick,arm,joint3,1.023397,0.9076,0.907622
7.141300,4,pick,arm,joint4,0.312563,0.7854,0.785474
7.141300,4,pick,arm,joint5,-0.578870,-0.6981,-0.698093
7.141300,4,pick,arm,joint6,0.625074,1.5708,1.570822
7.241300,4,pick,arm,joint1,0.252107,0.5236,0.523586
7.241300,4,pick,arm,joint2,-0.479188,-0.3491,-0.349063
7.241300,4,pick,arm,joint3,1.007330,0.9076,0.907622
7.241300,4,pick,arm,joint4,0.378193,0.7854,0.785474
7.241300,4,pick,arm,joint5,-0.595416,-0.6981,-0.698093
7.241300,4,pick,arm,joint6,0.756324,1.5708,1.570822
7.341300,4,pick,arm,joint1,0.297419,0.5236,0.523586
7.341300,4,pick,arm,joint2,-0.457469,-0.3491,-0.349063
7.341300,4,pick,arm,joint3,0.990688,0.9076,0.907622
7.341300,4,pick,arm,joint4,0.446171,0.7854,0.785474
7.341300,4,pick,arm,joint5,-0.612553,-0.6981,-0.698093
7.341300,4,pick,arm,joint6,0.892269,1.5708,1.570822
7.441300,4,pick,arm,joint1,0.338747,0.5236,0.523586
7.441300,4,pick,arm,joint2,-0.437660,-0.3491,-0.349063
7.441300,4,pick,arm,joint3,0.975509,0.9076,0.907622
7.441300,4,pick,arm,joint4,0.508174,0.7854,0.785474
7.441300,4,pick,arm,joint5,-0.628184,-0.6981,-0.698093
7.441300,4,pick,arm,joint6,1.016265,1.5708,1.570822
7.541300,4,pick,arm,joint1,0.375910,0.5236,0.523586
7.541300,4,pick,arm,joint2,-0.419847,-0.3491,-0.349063
7.541300,4,pick,arm,joint3,0.961860,0.9076,0.907622
7.541300,4,pick,arm,joint4,0.563926,0.7854,0.785474
7.541300,4,pick,arm,joint5,-0.642240,-0.6981,-0.698093
7.541300,4,pick,arm,joint6,1.127760,1.5708,1.570822
7.641300,4,pick,arm,joint1,0.408906,0.5236,0.523586
7.641300,4,pick,arm,joint2,-0.404031,-0.3491,-0.349063
7.641300,4,pick,arm,joint3,0.949741,0.9076,0.907622
7.641300,4,pick,arm,joint4,0.613427,0.7854,0.785474
7.641300,4,pick,arm,joint5,-0.654719,-0.6981,-0.698093
7.641300,4,pick,arm,joint6,1.226755,1.5708,1.570822
7.741300,4,pick,arm,joint1,0.437735,0.5236,0.523586
7.741300,4,pick,arm,joint2,-0.390213,-0.3491,-0.349063
7.741300,4,pick,arm,joint3,0.939153,0.9076,0.907622
7.741300,4,pick,arm,joint4,0.656678,0.7854,0.785474
7.741300,4,pick,arm,joint5,-0.665623,-0.6981,-0.698093
7.741300,4,pick,arm,joint6,1.313250,1.5708,1.570822
7.841300,4,pick,arm,joint1,0.462399,0.5236,0.523586
7.841300,4,pick,arm,joint2,-0.378391,-0.3491,-0.349063
7.841300,4,pick,arm,joint3,0.930095,0.9076,0.907622
7.841300,4,pick,arm,joint4,0.693679,0.7854,0.785474
7.841300,4,pick,arm,joint5,-0.674951,-0.6981,-0.698093
7.841300,4,pick,arm,joint6,1.387245,1.5708,1.570822
7.941300,4,pick,arm,joint1,0.482895,0.5236,0.523586
7.941300,4,pick,arm,joint2,-0.368567,-0.3491,-0.349063
7.941300,4,pick,arm,joint3,0.922567,0.9076,0.907622
7.941300,4,pick,arm,joint4,0.724429,0.7854,0.785474
7.941300,4,pick,arm,joint5,-0.682703,-0.6981,-0.698093
7.941300,4,pick,arm,joint6,1.448741,1.5708,1.570822
8.041300,4,pick,arm,joint1,0.499226,0.5236,0.523586
8.041300,4,pick,arm,joint2,-0.360739,-0.3491,-0.349063
8.041300,4,pick,arm,joint3,0.916569,0.9076,0.907622
8.041300,4,pick,arm,joint4,0.748928,0.7854,0.785474
8.041300,4,pick,arm,joint5,-0.688879,-0.6981,-0.698093
8.041300,4,pick,arm,joint6,1.497736,1.5708,1.570822
8.141300,4,pick,arm,joint1,0.511390,0.5236,0.523586
8.141300,4,pick,arm,joint2,-0.354909,-0.3491,-0.349063
8.141300,4,pick,arm,joint3,0.912101,0.9076,0.907622
8.141300,4,pick,arm,joint4,0.767177,0.7854,0.785474
8.141300,4,pick,arm,joint5,-0.693480,-0.6981,-0.698093
8.141300,4,pick,arm,joint6,1.534231,1.5708,1.570822
8.241300,4,pick,arm,joint1,0.519388,0.5236,0.523586
8.241300,4,pick,arm,joint2,-0.351075,-0.3491,-0.349063
8.241300,4,pick,arm,joint3,0.909164,0.9076,0.907622
8.241300,4,pick,arm,joint4,0.779176,0.7854,0.785474
8.241300,4,pick,arm,joint5,-0.696505,-0.6981,-0.698093
8.241300,4,pick,arm,joint6,1.558226,1.5708,1.570822
8.341300,4,pick,arm,joint1,0.523219,0.5236,0.523586
8.341300,4,pick,arm,joint2,-0.349239,-0.3491,-0.349063
8.341300,4,pick,arm,joint3,0.907757,0.9076,0.907622
8.341300,4,pick,arm,joint4,0.784924,0.7854,0.785474
8.341300,4,pick,arm,joint5,-0.697954,-0.6981,-0.698093
8.341300,4,pick,arm,joint6,1.569722,1.5708,1.570822
8.383262,4,pick,arm,joint1,0.523586,0.5236,0.523586
8.383262,4,pick,arm,joint2,-0.349063,-0.3491,-0.349063
8.383262,4,pick,arm,joint3,0.907622,0.9076,0.907622
8.383262,4,pick,arm,joint4,0.785474,0.7854,0.785474
8.383262,4,pick,arm,joint5,-0.698093,-0.6981,-0.698093
8.383262,4,pick,arm,joint6,1.570822,1.5708,1.570822
9.343200,5,grip_close,gripper,finger1_joint,0.039903,0.0,0.000080
9.343200,5,grip_close,gripper,finger2_joint,0.039937,0.0,0.000097
9.443200,5,grip_close,gripper,finger1_joint,0.038653,0.0,0.000080
9.443200,5,grip_close,gripper,finger2_joint,0.038687,0.0,0.000097
9.543200,5,grip_close,gripper,finger1_joint,0.034905,0.0,0.000080
9.543200,5,grip_close,gripper,finger2_joint,0.034937,0.0,0.000097
9.643200,5,grip_close,gripper,finger1_joint,0.029907,0.0,0.000080
9.643200,5,grip_close,gripper,finger2_joint,0.029937,0.0,0.000097
9.743200,5,grip_close,gripper,finger1_joint,0.024909,0.0,0.000080
9.743200,5,grip_close,gripper,finger2_joint,0.024937,0.0,0.000097
9.843200,5,grip_close,gripper,finger1_joint,0.019911,0.0,0.000080
9.843200,5,grip_close,gripper,finger2_joint,0.019937,0.0,0.000097
9.943200,5,grip_close,gripper,finger1_joint,0.014913,0.0,0.000080
9.943200,5,grip_close,gripper,finger2_joint,0.014937,0.0,0.000097
10.043200,5,grip_close,gripper,finger1_joint,0.009915,0.0,0.000080
10.043200,5,grip_close,gripper,finger2_joint,0.009937,0.0,0.000097
10.143200,5,grip_close,gripper,finger1_joint,0.004918,0.0,0.000080
10.143200,5,grip_close,gripper,finger2_joint,0.004938,0.0,0.000097
10.243200,5,grip_close,gripper,finger1_joint,0.001250,0.0,0.000080
10.243200,5,grip_close,gripper,finger2_joint,0.001268,0.0,0.000097
10.339986,5,grip_close,gripper,finger1_joint,0.000080,0.0,0.000080
10.339986,5,grip_close,gripper,finger2_joint,0.000097,0.0,0.000097
11.299000,6,place,arm,joint1,0.523586,-0.8727,-0.872643
11.299000,6,place,arm,joint2,-0.349063,-0.5,-0.499995
11.299000,6,place,arm,joint3,0.907622,1.2,1.200001
11.299000,6,place,arm,joint4,0.785474,-1.0472,-1.047151
11.299000,6,place,arm,joint5,-0.698093,-0.4,-0.399926
11.299000,6,place,arm,joint6,1.570822,-1.0472,-1.047115
11.399000,6,place,arm,joint1,0.520253,-0.8727,-0.872643
11.399000,6,place,arm,joint2,-0.349423,-0.5,-0.499995
11.399000,6,place,arm,joint3,0.908320,1.2,1.200001
11.399000,6,place,arm,joint4,0.781099,-1.0472,-1.047151
11.399000,6,place,arm,joint5,-0.697381,-0.4,-0.399926
11.399000,6,place,arm,joint6,1.564572,-1.0472,-1.047115
11.499000,6,place,arm,joint1,0.510253,-0.8727,-0.872643
11.499000,6,place,arm,joint2,-0.350504,-0.5,-0.499995
11.499000,6,place,arm,joint3,0.910414,1.2,1.200001
11.499000,6,place,arm,joint4,0.767974,-1.0472,-1.047151
11.499000,6,place,arm,joint5,-0.695245,-0.4,-0.399926
11.499000,6,place,arm,joint6,1.545822,-1.0472,-1.047115
11.599000,6,place,arm,joint1,0.493586,-0.8727,-0.872643
11.599000,6,place,arm,joint2,-0.352306,-0.5,-0.499995
11.599000,6,place,arm,joint3,0.913904,1.2,1.200001
11.599000,6,place,arm,joint4,0.746098,-1.0472,-1.047151
11.599000,6,place,arm,joint5,-0.691686,-0.4,-0.399926
11.599000,6,place,arm,joint6,1.514572,-1.0472,-1.047115
11.699000,6,place,arm,joint1,0.470253,-0.8727,-0.872643
11.699000,6,place,arm,joint2,-0.354828,-0.5,-0.499995
11.699000,6,place,arm,joint3,0.918790,1.2,1.200001
11.699000,6,place,arm,joint4,0.715472,-1.0472,-1.047151
11.699000,6,place,arm,joint5,-0.686703,-0.4,-0.399926
11.699000,6,place,arm,joint6,1.470822,-1.0472,-1.047115
11.799000,6,place,arm,joint1,0.440253,-0.8727,-0.872643
11.799000,6,place,arm,joint2,-0.358071,-0.5,-0.499995
11.799000,6,place,arm,joint3,0.925072,1.2,1.200001
11.799000,6,place,arm,joint4,0.676095,-1.0472,-1.047151
11.799000,6,place,arm,joint5,-0.680297,-0.4,-0.399926
11.799000,6,place,arm,joint6,1.414572,-1.0472,-1.047115
11.899000,6,place,arm,joint1,0.403586,-0.8727,-0.872643
11.899000,6,place,arm,joint2,-0.362035,-0.5,-0.499995
11.899000,6,place,arm,joint3,0.932751,1.2,1.200001
11.899000,6,place,arm,joint4,0.627968,-1.0472,-1.047151
11.899000,6,place,arm,joint5,-0.672467,-0.4,-0.399926
11.899000,6,place,arm,joint6,1.345822,-1.0472,-1.047115
11.999000,6,place,arm,joint1,0.360253,-0.8727,-0.872643
11.999000,6,place,arm,joint2,-0.366719,-0.5,-0.499995
11.999000,6,place,arm,joint3,0.941825,1.2,1.200001
11.999000,6,place,arm,joint4,0.571091,-1.0472,-1.047151
11.999000,6,place,arm,joint5,-0.663213,-0.4,-0.399926
11.999000,6,place,arm,joint6,1.264572,-1.0472,-1.047115
12.099000,6,place,arm,joint1,0.310253,-0.8727,-0.872643
12.099000,6,place,arm,joint2,-0.372124,-0.5,-0.499995
12.099000,6,place,arm,joint3,0.952295,1.2,1.200001
12.099000,6,place,arm,joint4,0.505464,-1.0472,-1.047151
12.099000,6,place,arm,joint5,-0.652535,-0.4,-0.399926
12.099000,6,place,arm,joint6,1.170822,-1.0472,-1.047115
12.199000,6,place,arm,joint1,0.253587,-0.8727,-0.872643
12.199000,6,place,arm,joint2,-0.378250,-0.5,-0.499995
12.199000,6,place,arm,joint3,0.964161,1.2,1.200001
12.199000,6,place,arm,joint4,0.431086,-1.0472,-1.047151
12.199000,6,place,arm,joint5,-0.640434,-0.4,-0.399926
12.199000,6,place,arm,joint6,1.064572,-1.0472,-1.047115
12.299000,6,place,arm,joint1,0.190254,-0.8727,-0.872643
12.299000,6,place,arm,joint2,-0.385096,-0.5,-0.499995
12.299000,6,place,arm,joint3,0.977424,1.2,1.200001
12.299000,6,place,arm,joint4,0.347958,-1.0472,-1.047151
12.299000,6,place,arm,joint5,-0.626909,-0.4,-0.399926
12.299000,6,place,arm,joint6,0.945822,-1.0472,-1.047115
12.399000,6,place,arm,joint1,0.120254,-0.8727,-0.872643
12.399000,6,place,arm,joint2,-0.392663,-0.5,-0.499995
12.399000,6,place,arm,joint3,0.992082,1.2,1.200001
12.399000,6,place,arm,joint4,0.256080,-1.0472,-1.047151
12.399000,6,place,arm,joint5,-0.611961,-0.4,-0.399926
12.399000,6,place,arm,joint6,0.814572,-1.0472,-1.047115
12.499000,6,place,arm,joint1,0.043588,-0.8727,-0.872643
12.499000,6,place,arm,joint2,-0.400951,-0.5,-0.499995
12.499000,6,place,arm,joint3,1.008136,1.2,1.200001
12.499000,6,place,arm,joint4,0.155451,-1.0472,-1.047151
12.499000,6,place,arm,joint5,-0.595588,-0.4,-0.399926
12.499000,6,place,arm,joint6,0.670823,-1.0472,-1.047115
12.599000,6,place,arm,joint1,-0.039745,-0.8727,-0.872643
12.599000,6,place,arm,joint2,-0.409959,-0.5,-0.499995
12.599000,6,place,arm,joint3,1.025587,1.2,1.200001
12.599000,6,place,arm,joint4,0.046072,-1.0472,-1.047151
12.599000,6,place,arm,joint5,-0.577792,-0.4,-0.399926
12.599000,6,place,arm,joint6,0.514573,-1.0472,-1.047115
12.699000,6,place,arm,joint1,-0.129745,-0.8727,-0.872643
12.699000,6,place,arm,joint2,-0.419688,-0.5,-0.499995
12.699000,6,place,arm,joint3,1.044433,1.2,1.200001
12.699000,6,place,arm,joint4,-0.072057,-1.0472,-1.047151
12.699000,6,place,arm,joint5,-0.558573,-0.4,-0.399926
12.699000,6,place,arm,joint6,0.345823,-1.0472,-1.047115
12.799000,6,place,arm,joint1,-0.224552,-0.8727,-0.872643
12.799000,6,place,arm,joint2,-0.429936,-0.5,-0.499995
12.799000,6,place,arm,joint3,1.064287,1.2,1.200001
12.799000,6,place,arm,joint4,-0.196496,-1.0472,-1.047151
12.799000,6,place,arm,joint5,-0.538327,-0.4,-0.399926
12.799000,6,place,arm,joint6,0.168059,-1.0472,-1.047115
12.899000,6,place,arm,joint1,-0.314177,-0.8727,-0.872643
12.899000,6,place,arm,joint2,-0.439625,-0.5,-0.499995
12.899000,6,place,arm,joint3,1.083054,1.2,1.200001
12.899000,6,place,arm,joint4,-0.314134,-1.0472,-1.047151
12.899000,6,place,arm,joint5,-0.519187,-0.4,-0.399926
12.899000,6,place,arm,joint6,0.000013,-1.0472,-1.047115
12.999000,6,place,arm,joint1,-0.397135,-0.8727,-0.872643
12.999000,6,place,arm,joint2,-0.448592,-0.5,-0.499995
12.999000,6,place,arm,joint3,1.100426,1.2,1.200001
12.999000,6,place,arm,joint4,-0.423020,-1.0472,-1.047151
12.999000,6,place,arm,joint5,-0.501471,-0.4,-0.399926
12.999000,6,place,arm,joint6,-0.155534,-1.0472,-1.047115
13.099000,6,place,arm,joint1,-0.473426,-0.8727,-0.872643
13.099000,6,place,arm,joint2,-0.456840,-0.5,-0.499995
13.099000,6,place,arm,joint3,1.116402,1.2,1.200001
13.099000,6,place,arm,joint4,-0.523157,-1.0472,-1.047151
13.099000,6,place,arm,joint5,-0.485179,-0.4,-0.399926
13.099000,6,place,arm,joint6,-0.298581,-1.0472,-1.047115
13.199000,6,place,arm,joint1,-0.543051,-0.8727,-0.872643
13.199000,6,place,arm,joint2,-0.464366,-0.5,-0.499995
13.199000,6,place,arm,joint3,1.130982,1.2,1.200001
13.199000,6,place,arm,joint4,-0.614543,-1.0472,-1.047151
13.199000,6,place,arm,joint5,-0.470311,-0.4,-0.399926
13.199000,6,place,arm,joint6,-0.429128,-1.0472,-1.047115
13.299000,6,place,arm,joint1,-0.606009,-0.8727,-0.872643
13.299000,6,place,arm,joint2,-0.471172,-0.5,-0.499995
13.299000,6,place,arm,joint3,1.144166,1.2,1.200001
13.299000,6,place,arm,joint4,-0.697179,-1.0472,-1.047151
13.299000,6,place,arm,joint5,-0.456866,-0.4,-0.399926
13.299000,6,place,arm,joint6,-0.547174,-1.0472,-1.047115
13.399000,6,place,arm,joint1,-0.662301,-0.8727,-0.872643
13.399000,6,place,arm,joint2,-0.477257,-0.5,-0.499995
13.399000,6,place,arm,joint3,1.155954,1.2,1.200001
13.399000,6,place,arm,joint4,-0.771064,-1.0472,-1.047151
13.399000,6,place,arm,joint5,-0.444845,-0.4,-0.399926
13.399000,6,place,arm,joint6,-0.652721,-1.0472,-1.047115
13.499000,6,place,arm,joint1,-0.711925,-0.8727,-0.872643
13.499000,6,place,arm,joint2,-0.482621,-0.5,-0.499995
13.499000,6,place,arm,joint3,1.166345,1.2,1.200001
13.499000,6,place,arm,joint4,-0.836200,-1.0472,-1.047151
13.499000,6,place,arm,joint5,-0.434247,-0.4,-0.399926
13.499000,6,place,arm,joint6,-0.745768,-1.0472,-1.047115
13.599000,6,place,arm,joint1,-0.754884,-0.8727,-0.872643
13.599000,6,place,arm,joint2,-0.487265,-0.5,-0.499995
13.599000,6,place,arm,joint3,1.175341,1.2,1.200001
13.599000,6,place,arm,joint4,-0.892585,-1.0472,-1.047151
13.599000,6,place,arm,joint5,-0.425074,-0.4,-0.399926
13.599000,6,place,arm,joint6,-0.826315,-1.0472,-1.047115
13.699000,6,place,arm,joint1,-0.791175,-0.8727,-0.872643
13.699000,6,place,arm,joint2,-0.491188,-0.5,-0.499995
13.699000,6,place,arm,joint3,1.182941,1.2,1.200001
13.699000,6,place,arm,joint4,-0.940219,-1.0472,-1.047151
13.699000,6,place,arm,joint5,-0.417324,-0.4,-0.399926
13.699000,6,place,arm,joint6,-0.894361,-1.0472,-1.047115
13.799000,6,place,arm,joint1,-0.820800,-0.8727,-0.872643
13.799000,6,place,arm,joint2,-0.494391,-0.5,-0.499995
13.799000,6,place,arm,joint3,1.189144,1.2,1.200001
13.799000,6,place,arm,joint4,-0.979103,-1.0472,-1.047151
13.799000,6,place,arm,joint5,-0.410997,-0.4,-0.399926
13.799000,6,place,arm,joint6,-0.949908,-1.0472,-1.047115
13.899000,6,place,arm,joint1,-0.843758,-0.8727,-0.872643
13.899000,6,place,arm,joint2,-0.496872,-0.5,-0.499995
13.899000,6,place,arm,joint3,1.193952,1.2,1.200001
13.899000,6,place,arm,joint4,-1.009237,-1.0472,-1.047151
13.899000,6,place,arm,joint5,-0.406094,-0.4,-0.399926
13.899000,6,place,arm,joint6,-0.992955,-1.0472,-1.047115
13.999000,6,place,arm,joint1,-0.860050,-0.8727,-0.872643
13.999000,6,place,arm,joint2,-0.498633,-0.5,-0.499995
13.999000,6,place,arm,joint3,1.197363,1.2,1.200001
13.999000,6,place,arm,joint4,-1.030621,-1.0472,-1.047151
13.999000,6,place,arm,joint5,-0.402615,-0.4,-0.399926
13.999000,6,place,arm,joint6,-1.023502,-1.0472,-1.047115
14.099000,6,place,arm,joint1,-0.869675,-0.8727,-0.872643
14.099000,6,place,arm,joint2,-0.499674,-0.5,-0.499995
14.099000,6,place,arm,joint3,1.199379,1.2,1.200001
14.099000,6,place,arm,joint4,-1.043254,-1.0472,-1.047151
14.099000,6,place,arm,joint5,-0.400560,-0.4,-0.399926
14.099000,6,place,arm,joint6,-1.041548,-1.0472,-1.047115
14.193374,6,place,arm,joint1,-0.872643,-0.8727,-0.872643
14.193374,6,place,arm,joint2,-0.499995,-0.5,-0.499995
14.193374,6,place,arm,joint3,1.200001,1.2,1.200001
14.193374,6,place,arm,joint4,-1.047151,-1.0472,-1.047151
14.193374,6,place,arm,joint5,-0.399926,-0.4,-0.399926
14.193374,6,place,arm,joint6,-1.047115,-1.0472,-1.047115
15.145000,7,grip_release,gripper,finger1_joint,0.000080,0.03,0.029945
15.145000,7,grip_release,gripper,finger2_joint,0.000097,0.03,0.029941
15.245000,7,grip_release,gripper,finger1_joint,0.001330,0.03,0.029945
15.245000,7,grip_release,gripper,finger2_joint,0.001346,0.03,0.029941
15.345000,7,grip_release,gripper,finger1_joint,0.005080,0.03,0.029945
15.345000,7,grip_release,gripper,finger2_joint,0.005094,0.03,0.029941
15.445000,7,grip_release,gripper,finger1_joint,0.010080,0.03,0.029945
15.445000,7,grip_release,gripper,finger2_joint,0.010090,0.03,0.029941
15.545000,7,grip_release,gripper,finger1_joint,0.015080,0.03,0.029945
15.545000,7,grip_release,gripper,finger2_joint,0.015086,0.03,0.029941
15.645000,7,grip_release,gripper,finger1_joint,0.020080,0.03,0.029945
15.645000,7,grip_release,gripper,finger2_joint,0.020083,0.03,0.029941
15.745000,7,grip_release,gripper,finger1_joint,0.025079,0.03,0.029945
15.745000,7,grip_release,gripper,finger2_joint,0.025078,0.03,0.029941
15.845000,7,grip_release,gripper,finger1_joint,0.028761,0.03,0.029945
15.845000,7,grip_release,gripper,finger2_joint,0.028758,0.03,0.029941
15.942304,7,grip_release,gripper,finger1_joint,0.029945,0.03,0.029945
15.942304,7,grip_release,gripper,finger2_joint,0.029941,0.03,0.029941
16.903400,8,extended,arm,joint1,-0.872643,0.0,-0.000089
16.903400,8,extended,arm,joint2,-0.499995,1.5708,1.570792
16.903400,8,extended,arm,joint3,1.200001,0.0,-0.000029
16.903400,8,extended,arm,joint4,-1.047151,0.0,0.000026
16.903400,8,extended,arm,joint5,-0.399926,0.0,-0.000021
16.903400,8,extended,arm,joint6,-1.047115,0.0,-0.000061
17.003400,8,extended,arm,joint1,-0.870668,0.0,-0.000089
17.003400,8,extended,arm,joint2,-0.495307,1.5708,1.570792
17.003400,8,extended,arm,joint3,1.197284,0.0,-0.000029
17.003400,8,extended,arm,joint4,-1.044780,0.0,0.000026
17.003400,8,extended,arm,joint5,-0.399021,0.0,-0.000021
17.003400,8,extended,arm,joint6,-1.044745,0.0,-0.000061
17.103400,8,extended,arm,joint1,-0.864743,0.0,-0.000089
17.103400,8,extended,arm,joint2,-0.481245,1.5708,1.570792
17.103400,8,extended,arm,joint3,1.189135,0.0,-0.000029
17.103400,8,extended,arm,joint4,-1.037669,0.0,0.000026
17.103400,8,extended,arm,joint5,-0.396305,0.0,-0.000021
17.103400,8,extended,arm,joint6,-1.037634,0.0,-0.000061
17.203400,8,extended,arm,joint1,-0.854867,0.0,-0.000089
17.203400,8,extended,arm,joint2,-0.457807,1.5708,1.570792
17.203400,8,extended,arm,joint3,1.175553,0.0,-0.000029
17.203400,8,extended,arm,joint4,-1.025817,0.0,0.000026
17.203400,8,extended,arm,joint5,-0.391779,0.0,-0.000021
17.203400,8,extended,arm,joint6,-1.025784,0.0,-0.000061
17.303400,8,extended,arm,joint1,-0.841041,0.0,-0.000089
17.303400,8,extended,arm,joint2,-0.424995,1.5708,1.570792
17.303400,8,extended,arm,joint3,1.156538,0.0,-0.000029
17.303400,8,extended,arm,joint4,-1.009224,0.0,0.000026
17.303400,8,extended,arm,joint5,-0.385442,0.0,-0.000021
17.303400,8,extended,arm,joint6,-1.009193,0.0,-0.000061
17.403400,8,extended,arm,joint1,-0.823265,0.0,-0.000089
17.403400,8,extended,arm,joint2,-0.382807,1.5708,1.570792
17.403400,8,extended,arm,joint3,1.132090,0.0,-0.000029
17.403400,8,extended,arm,joint4,-0.987890,0.0,0.000026
17.403400,8,extended,arm,joint5,-0.377295,0.0,-0.000021
17.403400,8,extended,arm,joint6,-0.987861,0.0,-0.000061
17.503400,8,extended,arm,joint1,-0.801538,0.0,-0.000089
17.503400,8,extended,arm,joint2,-0.331245,1.5708,1.570792
17.503400,8,extended,arm,joint3,1.102209,0.0,-0.000029
17.503400,8,extended,arm,joint4,-0.961815,0.0,0.000026
17.503400,8,extended,arm,joint5,-0.367337,0.0,-0.000021
17.503400,8,extended,arm,joint6,-0.961790,0.0,-0.000061
17.603400,8,extended,arm,joint1,-0.775861,0.0,-0.000089
17.603400,8,extended,arm,joint2,-0.270307,1.5708,1.570792
17.603400,8,extended,arm,joint3,1.066896,0.0,-0.000029
17.603400,8,extended,arm,joint4,-0.931000,0.0,0.000026
17.603400,8,extended,arm,joint5,-0.355569,0.0,-0.000021
17.603400,8,extended,arm,joint6,-0.930978,0.0,-0.000061
17.703400,8,extended,arm,joint1,-0.746234,0.0,-0.000089
17.703400,8,extended,arm,joint2,-0.199995,1.5708,1.570792
17.703400,8,extended,arm,joint3,1.026150,0.0,-0.000029
17.703400,8,extended,arm,joint4,-0.895444,0.0,0.000026
17.703400,8,extended,arm,joint5,-0.341991,0.0,-0.000021
17.703400,8,extended,arm,joint6,-0.895426,0.0,-0.000061
17.803400,8,extended,arm,joint1,-0.712657,0.0,-0.000089
17.803400,8,extended,arm,joint2,-0.120307,1.5708,1.570792
17.803400,8,extended,arm,joint3,0.979970,0.0,-0.000029
17.803400,8,extended,arm,joint4,-0.855146,0.0,0.000026
17.803400,8,extended,arm,joint5,-0.326602,0.0,-0.000021
17.803400,8,extended,arm,joint6,-0.855133,0.0,-0.000061
17.903400,8,extended,arm,joint1,-0.675129,0.0,-0.000089
17.903400,8,extended,arm,joint2,-0.031245,1.5708,1.570792
17.903400,8,extended,arm,joint3,0.928358,0.0,-0.000029
17.903400,8,extended,arm,joint4,-0.810108,0.0,0.000026
17.903400,8,extended,arm,joint5,-0.309402,0.0,-0.000021
17.903400,8,extended,arm,joint6,-0.810101,0.0,-0.000061
18.003400,8,extended,arm,joint1,-0.633651,0.0,-0.000089
18.003400,8,extended,arm,joint2,0.067192,1.5708,1.570792
18.003400,8,extended,arm,joint3,0.871313,0.0,-0.000029
18.003400,8,extended,arm,joint4,-0.760330,0.0,0.000026
18.003400,8,extended,arm,joint5,-0.290392,0.0,-0.000021
18.003400,8,extended,arm,joint6,-0.760328,0.0,-0.000061
18.103400,8,extended,arm,joint1,-0.588223,0.0,-0.000089
18.103400,8,extended,arm,joint2,0.175005,1.5708,1.570792
18.103400,8,extended,arm,joint3,0.808836,0.0,-0.000029
18.103400,8,extended,arm,joint4,-0.705810,0.0,0.000026
18.103400,8,extended,arm,joint5,-0.269572,0.0,-0.000021
18.103400,8,extended,arm,joint6,-0.705814,0.0,-0.000061
18.203400,8,extended,arm,joint1,-0.538845,0.0,-0.000089
18.203400,8,extended,arm,joint2,0.292192,1.5708,1.570792
18.203400,8,extended,arm,joint3,0.740925,0.0,-0.000029
18.203400,8,extended,arm,joint4,-0.646549,0.0,0.000026
18.203400,8,extended,arm,joint5,-0.246941,0.0,-0.000021
18.203400,8,extended,arm,joint6,-0.646561,0.0,-0.000061
18.303400,8,extended,arm,joint1,-0.485516,0.0,-0.000089
18.303400,8,extended,arm,joint2,0.418755,1.5708,1.570792
18.303400,8,extended,arm,joint3,0.667582,0.0,-0.000029
18.303400,8,extended,arm,joint4,-0.582548,0.0,0.000026
18.303400,8,extended,arm,joint5,-0.222499,0.0,-0.000021
18.303400,8,extended,arm,joint6,-0.582567,0.0,-0.000061
18.403400,8,extended,arm,joint1,-0.428312,0.0,-0.000089
18.403400,8,extended,arm,joint2,0.554514,1.5708,1.570792
18.403400,8,extended,arm,joint3,0.588909,0.0,-0.000029
18.403400,8,extended,arm,joint4,-0.513896,0.0,0.000026
18.403400,8,extended,arm,joint5,-0.196282,0.0,-0.000021
18.403400,8,extended,arm,joint6,-0.513923,0.0,-0.000061
18.503400,8,extended,arm,joint1,-0.372122,0.0,-0.000089
18.503400,8,extended,arm,joint2,0.687867,1.5708,1.570792
18.503400,8,extended,arm,joint3,0.511630,0.0,-0.000029
18.503400,8,extended,arm,joint4,-0.446461,0.0,0.000026
18.503400,8,extended,arm,joint5,-0.170529,0.0,-0.000021
18.503400,8,extended,arm,joint6,-0.446495,0.0,-0.000061
18.603400,8,extended,arm,joint1,-0.319882,0.0,-0.000089
18.603400,8,extended,arm,joint2,0.811845,1.5708,1.570792
18.603400,8,extended,arm,joint3,0.439784,0.0,-0.000029
18.603400,8,extended,arm,joint4,-0.383766,0.0,0.000026
18.603400,8,extended,arm,joint5,-0.146587,0.0,-0.000021
18.603400,8,extended,arm,joint6,-0.383808,0.0,-0.000061
18.703400,8,extended,arm,joint1,-0.271592,0.0,-0.000089
18.703400,8,extended,arm,joint2,0.926448,1.5708,1.570792
18.703400,8,extended,arm,joint3,0.373371,0.0,-0.000029
18.703400,8,extended,arm,joint4,-0.325812,0.0,0.000026
18.703400,8,extended,arm,joint5,-0.124455,0.0,-0.000021
18.703400,8,extended,arm,joint6,-0.325861,0.0,-0.000061
18.803400,8,extended,arm,joint1,-0.227253,0.0,-0.000089
18.803400,8,extended,arm,joint2,1.031676,1.5708,1.570792
18.803400,8,extended,arm,joint3,0.312391,0.0,-0.000029
18.803400,8,extended,arm,joint4,-0.272600,0.0,0.000026
18.803400,8,extended,arm,joint5,-0.104134,0.0,-0.000021
18.803400,8,extended,arm,joint6,-0.272655,0.0,-0.000061
18.903400,8,extended,arm,joint1,-0.186864,0.0,-0.000089
18.903400,8,extended,arm,joint2,1.127530,1.5708,1.570792
18.903400,8,extended,arm,joint3,0.256844,0.0,-0.000029
18.903400,8,extended,arm,joint4,-0.224128,0.0,0.000026
18.903400,8,extended,arm,joint5,-0.085623,0.0,-0.000021
18.903400,8,extended,arm,joint6,-0.224188,0.0,-0.000061
19.003400,8,extended,arm,joint1,-0.150425,0.0,-0.000089
19.003400,8,extended,arm,joint2,1.214008,1.5708,1.570792
19.003400,8,extended,arm,joint3,0.206729,0.0,-0.000029
19.003400,8,extended,arm,joint4,-0.180397,0.0,0.000026
19.003400,8,extended,arm,joint5,-0.068922,0.0,-0.000021
19.003400,8,extended,arm,joint6,-0.180462,0.0,-0.000061
19.103400,8,extended,arm,joint1,-0.117937,0.0,-0.000089
19.103400,8,extended,arm,joint2,1.291111,1.5708,1.570792
19.103400,8,extended,arm,joint3,0.162048,0.0,-0.000029
19.103400,8,extended,arm,joint4,-0.141406,0.0,0.000026
19.103400,8,extended,arm,joint5,-0.054032,0.0,-0.000021
19.103400,8,extended,arm,joint6,-0.141476,0.0,-0.000061
19.203400,8,extended,arm,joint1,-0.089398,0.0,-0.000089
19.203400,8,extended,arm,joint2,1.358839,1.5708,1.570792
19.203400,8,extended,arm,joint3,0.122799,0.0,-0.000029
19.203400,8,extended,arm,joint4,-0.107157,0.0,0.000026
19.203400,8,extended,arm,joint5,-0.040953,0.0,-0.000021
19.203400,8,extended,arm,joint6,-0.107231,0.0,-0.000061
19.303400,8,extended,arm,joint1,-0.064811,0.0,-0.000089
19.303400,8,extended,arm,joint2,1.417192,1.5708,1.570792
19.303400,8,extended,arm,joint3,0.088983,0.0,-0.000029
19.303400,8,extended,arm,joint4,-0.077648,0.0,0.000026
19.303400,8,extended,arm,joint5,-0.029684,0.0,-0.000021
19.303400,8,extended,arm,joint6,-0.077726,0.0,-0.000061
19.403400,8,extended,arm,joint1,-0.044173,0.0,-0.000089
19.403400,8,extended,arm,joint2,1.466170,1.5708,1.570792
19.403400,8,extended,arm,joint3,0.060600,0.0,-0.000029
19.403400,8,extended,arm,joint4,-0.052880,0.0,0.000026
19.403400,8,extended,arm,joint5,-0.020225,0.0,-0.000021
19.403400,8,extended,arm,joint6,-0.052961,0.0,-0.000061
19.503400,8,extended,arm,joint1,-0.027486,0.0,-0.000089
19.503400,8,extended,arm,joint2,1.505773,1.5708,1.570792
19.503400,8,extended,arm,joint3,0.037650,0.0,-0.000029
19.503400,8,extended,arm,joint4,-0.032854,0.0,0.000026
19.503400,8,extended,arm,joint5,-0.012577,0.0,-0.000021
19.503400,8,extended,arm,joint6,-0.032936,0.0,-0.000061
19.603400,8,extended,arm,joint1,-0.014749,0.0,-0.000089
19.603400,8,extended,arm,joint2,1.536001,1.5708,1.570792
19.603400,8,extended,arm,joint3,0.020133,0.0,-0.000029
19.603400,8,extended,arm,joint4,-0.017568,0.0,0.000026
19.603400,8,extended,arm,joint5,-0.006740,0.0,-0.000021
19.603400,8,extended,arm,joint6,-0.017652,0.0,-0.000061
19.703400,8,extended,arm,joint1,-0.005962,0.0,-0.000089
19.703400,8,extended,arm,joint2,1.556855,1.5708,1.570792
19.703400,8,extended,arm,joint3,0.008048,0.0,-0.000029
19.703400,8,extended,arm,joint4,-0.007022,0.0,0.000026
19.703400,8,extended,arm,joint5,-0.002712,0.0,-0.000021
19.703400,8,extended,arm,joint6,-0.007108,0.0,-0.000061
19.803400,8,extended,arm,joint1,-0.001125,0.0,-0.000089
19.803400,8,extended,arm,joint2,1.568333,1.5708,1.570792
19.803400,8,extended,arm,joint3,0.001396,0.0,-0.000029
19.803400,8,extended,arm,joint4,-0.001218,0.0,0.000026
19.803400,8,extended,arm,joint5,-0.000496,0.0,-0.000021
19.803400,8,extended,arm,joint6,-0.001304,0.0,-0.000061
19.875833,8,extended,arm,joint1,-0.000089,0.0,-0.000089
19.875833,8,extended,arm,joint2,1.570792,1.5708,1.570792
19.875833,8,extended,arm,joint3,-0.000029,0.0,-0.000029
19.875833,8,extended,arm,joint4,0.000026,0.0,0.000026
19.875833,8,extended,arm,joint5,-0.000021,0.0,-0.000021
19.875833,8,extended,arm,joint6,-0.000061,0.0,-0.000061
20.850500,9,up_final,arm,joint1,-0.000089,0.0,-0.000082
20.850500,9,up_final,arm,joint2,1.570792,0.0,0.000049
20.850500,9,up_final,arm,joint3,-0.000029,0.0,-0.000023
20.850500,9,up_final,arm,joint4,0.000026,0.0,-0.000026
20.850500,9,up_final,arm,joint5,-0.000021,0.0,0.000058
20.850500,9,up_final,arm,joint6,-0.000061,0.0,0.000073
20.950500,9,up_final,arm,joint1,-0.000089,0.0,-0.000082
20.950500,9,up_final,arm,joint2,1.566105,0.0,0.000049
20.950500,9,up_final,arm,joint3,-0.000029,0.0,-0.000023
20.950500,9,up_final,arm,joint4,0.000026,0.0,-0.000026
20.950500,9,up_final,arm,joint5,-0.000021,0.0,0.000058
20.950500,9,up_final,arm,joint6,-0.000061,0.0,0.000073
21.050500,9,up_final,arm,joint1,-0.000089,0.0,-0.000082
21.050500,9,up_final,arm,joint2,1.552042,0.0,0.000049
21.050500,9,up_final,arm,joint3,-0.000029,0.0,-0.000023
21.050500,9,up_final,arm,joint4,0.000025,0.0,-0.000026
21.050500,9,up_final,arm,joint5,-0.000020,0.0,0.000058
21.050500,9,up_final,arm,joint6,-0.000059,0.0,0.000073
21.150500,9,up_final,arm,joint1,-0.000089,0.0,-0.000082
21.150500,9,up_final,arm,joint2,1.528605,0.0,0.000049
21.150500,9,up_final,arm,joint3,-0.000029,0.0,-0.000023
21.150500,9,up_final,arm,joint4,0.000024,0.0,-0.000026
21.150500,9,up_final,arm,joint5,-0.000019,0.0,0.000058
21.150500,9,up_final,arm,joint6,-0.000057,0.0,0.000073
21.250500,9,up_final,arm,joint1,-0.000089,0.0,-0.000082
21.250500,9,up_final,arm,joint2,1.495792,0.0,0.000049
21.250500,9,up_final,arm,joint3,-0.000028,0.0,-0.000023
21.250500,9,up_final,arm,joint4,0.000023,0.0,-0.000026
21.250500,9,up_final,arm,joint5,-0.000017,0.0,0.000058
21.250500,9,up_final,arm,joint6,-0.000055,0.0,0.000073
21.350500,9,up_final,arm,joint1,-0.000089,0.0,-0.000082
21.350500,9,up_final,arm,joint2,1.453605,0.0,0.000049
21.350500,9,up_final,arm,joint3,-0.000028,0.0,-0.000023
21.350500,9,up_final,arm,joint4,0.000022,0.0,-0.000026
21.350500,9,up_final,arm,joint5,-0.000015,0.0,0.000058
21.350500,9,up_final,arm,joint6,-0.000051,0.0,0.000073
21.450500,9,up_final,arm,joint1,-0.000088,0.0,-0.000082
21.450500,9,up_final,arm,joint2,1.402042,0.0,0.000049
21.450500,9,up_final,arm,joint3,-0.000028,0.0,-0.000023
21.450500,9,up_final,arm,joint4,0.000020,0.0,-0.000026
21.450500,9,up_final,arm,joint5,-0.000012,0.0,0.000058
21.450500,9,up_final,arm,joint6,-0.000047,0.0,0.000073
21.550500,9,up_final,arm,joint1,-0.000088,0.0,-0.000082
21.550500,9,up_final,arm,joint2,1.341105,0.0,0.000049
21.550500,9,up_final,arm,joint3,-0.000028,0.0,-0.000023
21.550500,9,up_final,arm,joint4,0.000018,0.0,-0.000026
21.550500,9,up_final,arm,joint5,-0.000009,0.0,0.000058
21.550500,9,up_final,arm,joint6,-0.000041,0.0,0.000073
21.650500,9,up_final,arm,joint1,-0.000088,0.0,-0.000082
21.650500,9,up_final,arm,joint2,1.270792,0.0,0.000049
21.650500,9,up_final,arm,joint3,-0.000028,0.0,-0.000023
21.650500,9,up_final,arm,joint4,0.000016,0.0,-0.000026
21.650500,9,up_final,arm,joint5,-0.000006,0.0,0.000058
21.650500,9,up_final,arm,joint6,-0.000035,0.0,0.000073
21.750500,9,up_final,arm,joint1,-0.000087,0.0,-0.000082
21.750500,9,up_final,arm,joint2,1.191105,0.0,0.000049
21.750500,9,up_final,arm,joint3,-0.000027,0.0,-0.000023
21.750500,9,up_final,arm,joint4,0.000013,0.0,-0.000026
21.750500,9,up_final,arm,joint5,-0.000002,0.0,0.000058
21.750500,9,up_final,arm,joint6,-0.000028,0.0,0.000073
21.850500,9,up_final,arm,joint1,-0.000087,0.0,-0.000082
21.850500,9,up_final,arm,joint2,1.102042,0.0,0.000049
21.850500,9,up_final,arm,joint3,-0.000027,0.0,-0.000023
21.850500,9,up_final,arm,joint4,0.000010,0.0,-0.000026
21.850500,9,up_final,arm,joint5,0.000003,0.0,0.000058
21.850500,9,up_final,arm,joint6,-0.000021,0.0,0.000073
21.950500,9,up_final,arm,joint1,-0.000087,0.0,-0.000082
21.950500,9,up_final,arm,joint2,1.003605,0.0,0.000049
21.950500,9,up_final,arm,joint3,-0.000027,0.0,-0.000023
21.950500,9,up_final,arm,joint4,0.000007,0.0,-0.000026
21.950500,9,up_final,arm,joint5,0.000008,0.0,0.000058
21.950500,9,up_final,arm,joint6,-0.000012,0.0,0.000073
22.050500,9,up_final,arm,joint1,-0.000086,0.0,-0.000082
22.050500,9,up_final,arm,joint2,0.895792,0.0,0.000049
22.050500,9,up_final,arm,joint3,-0.000026,0.0,-0.000023
22.050500,9,up_final,arm,joint4,0.000003,0.0,-0.000026
22.050500,9,up_final,arm,joint5,0.000013,0.0,0.000058
22.050500,9,up_final,arm,joint6,-0.000003,0.0,0.000073
22.150500,9,up_final,arm,joint1,-0.000086,0.0,-0.000082
22.150500,9,up_final,arm,joint2,0.778634,0.0,0.000049
22.150500,9,up_final,arm,joint3,-0.000026,0.0,-0.000023
22.150500,9,up_final,arm,joint4,-0.000000,0.0,-0.000026
22.150500,9,up_final,arm,joint5,0.000019,0.0,0.000058
22.150500,9,up_final,arm,joint6,0.000007,0.0,0.000073
22.250500,9,up_final,arm,joint1,-0.000085,0.0,-0.000082
22.250500,9,up_final,arm,joint2,0.662497,0.0,0.000049
22.250500,9,up_final,arm,joint3,-0.000025,0.0,-0.000023
22.250500,9,up_final,arm,joint4,-0.000004,0.0,-0.000026
22.250500,9,up_final,arm,joint5,0.000025,0.0,0.000058
22.250500,9,up_final,arm,joint6,0.000017,0.0,0.000073
22.350500,9,up_final,arm,joint1,-0.000085,0.0,-0.000082
22.350500,9,up_final,arm,joint2,0.555736,0.0,0.000049
22.350500,9,up_final,arm,joint3,-0.000025,0.0,-0.000023
22.350500,9,up_final,arm,joint4,-0.000008,0.0,-0.000026
22.350500,9,up_final,arm,joint5,0.000030,0.0,0.000058
22.350500,9,up_final,arm,joint6,0.000026,0.0,0.000073
22.450500,9,up_final,arm,joint1,-0.000084,0.0,-0.000082
22.450500,9,up_final,arm,joint2,0.458349,0.0,0.000049
22.450500,9,up_final,arm,joint3,-0.000024,0.0,-0.000023
22.450500,9,up_final,arm,joint4,-0.000011,0.0,-0.000026
22.450500,9,up_final,arm,joint5,0.000035,0.0,0.000058
22.450500,9,up_final,arm,joint6,0.000034,0.0,0.000073
22.550500,9,up_final,arm,joint1,-0.000084,0.0,-0.000082
22.550500,9,up_final,arm,joint2,0.370338,0.0,0.000049
22.550500,9,up_final,arm,joint3,-0.000024,0.0,-0.000023
22.550500,9,up_final,arm,joint4,-0.000014,0.0,-0.000026
22.550500,9,up_final,arm,joint5,0.000039,0.0,0.000058
22.550500,9,up_final,arm,joint6,0.000042,0.0,0.000073
22.650500,9,up_final,arm,joint1,-0.000083,0.0,-0.000082
22.650500,9,up_final,arm,joint2,0.291701,0.0,0.000049
22.650500,9,up_final,arm,joint3,-0.000024,0.0,-0.000023
22.650500,9,up_final,arm,joint4,-0.000016,0.0,-0.000026
22.650500,9,up_final,arm,joint5,0.000043,0.0,0.000058
22.650500,9,up_final,arm,joint6,0.000048,0.0,0.000073
22.750500,9,up_final,arm,joint1,-0.000083,0.0,-0.000082
22.750500,9,up_final,arm,joint2,0.222439,0.0,0.000049
22.750500,9,up_final,arm,joint3,-0.000024,0.0,-0.000023
22.750500,9,up_final,arm,joint4,-0.000019,0.0,-0.000026
22.750500,9,up_final,arm,joint5,0.000047,0.0,0.000058
22.750500,9,up_final,arm,joint6,0.000054,0.0,0.000073
22.850500,9,up_final,arm,joint1,-0.000083,0.0,-0.000082
22.850500,9,up_final,arm,joint2,0.162553,0.0,0.000049
22.850500,9,up_final,arm,joint3,-0.000023,0.0,-0.000023
22.850500,9,up_final,arm,joint4,-0.000021,0.0,-0.000026
22.850500,9,up_final,arm,joint5,0.000050,0.0,0.000058
22.850500,9,up_final,arm,joint6,0.000059,0.0,0.000073
22.950500,9,up_final,arm,joint1,-0.000083,0.0,-0.000082
22.950500,9,up_final,arm,joint2,0.112041,0.0,0.000049
22.950500,9,up_final,arm,joint3,-0.000023,0.0,-0.000023
22.950500,9,up_final,arm,joint4,-0.000022,0.0,-0.000026
22.950500,9,up_final,arm,joint5,0.000052,0.0,0.000058
22.950500,9,up_final,arm,joint6,0.000064,0.0,0.000073
23.050500,9,up_final,arm,joint1,-0.000082,0.0,-0.000082
23.050500,9,up_final,arm,joint2,0.070905,0.0,0.000049
23.050500,9,up_final,arm,joint3,-0.000023,0.0,-0.000023
23.050500,9,up_final,arm,joint4,-0.000024,0.0,-0.000026
23.050500,9,up_final,arm,joint5,0.000054,0.0,0.000058
23.050500,9,up_final,arm,joint6,0.000067,0.0,0.000073
23.150500,9,up_final,arm,joint1,-0.000082,0.0,-0.000082
23.150500,9,up_final,arm,joint2,0.039143,0.0,0.000049
23.150500,9,up_final,arm,joint3,-0.000023,0.0,-0.000023
23.150500,9,up_final,arm,joint4,-0.000025,0.0,-0.000026
23.150500,9,up_final,arm,joint5,0.000056,0.0,0.000058
23.150500,9,up_final,arm,joint6,0.000070,0.0,0.000073
23.250500,9,up_final,arm,joint1,-0.000082,0.0,-0.000082
23.250500,9,up_final,arm,joint2,0.016756,0.0,0.000049
23.250500,9,up_final,arm,joint3,-0.000023,0.0,-0.000023
23.250500,9,up_final,arm,joint4,-0.000026,0.0,-0.000026
23.250500,9,up_final,arm,joint5,0.000057,0.0,0.000058
23.250500,9,up_final,arm,joint6,0.000072,0.0,0.000073
23.350500,9,up_final,arm,joint1,-0.000082,0.0,-0.000082
23.350500,9,up_final,arm,joint2,0.003745,0.0,0.000049
23.350500,9,up_final,arm,joint3,-0.000023,0.0,-0.000023
23.350500,9,up_final,arm,joint4,-0.000026,0.0,-0.000026
23.350500,9,up_final,arm,joint5,0.000058,0.0,0.000058
23.350500,9,up_final,arm,joint6,0.000073,0.0,0.000073
23.439291,9,up_final,arm,joint1,-0.000082,0.0,-0.000082
23.439291,9,up_final,arm,joint2,0.000049,0.0,0.000049
23.439291,9,up_final,arm,joint3,-0.000023,0.0,-0.000023
23.439291,9,up_final,arm,joint4,-0.000026,0.0,-0.000026
23.439291,9,up_final,arm,joint5,0.000058,0.0,0.000058
23.439291,9,up_final,arm,joint6,0.000073,0.0,0.000073
